Latitude,Longitude,Time,Date,PM1,PM2_5,PM10,N02,CO2,CO,Humidity,Temperature
23.547226,87.29258,17:45:04,29-12-2018,74,151,171,0.09,6,183.72,63.63,18.16
23.547226,87.29258,17:45:04,29-12-2018,74,151,173,0.08,17,158.34,63.69,18.09
23.547068,87.292488,17:45:06,29-12-2018,74,151,173,0.08,23,132.58,63.75,18.06
23.547068,87.292488,17:45:06,29-12-2018,74,151,174,0.08,34,112,63.94,17.97
23.546944,87.292442,17:45:08,29-12-2018,74,151,177,0.08,44,96.14,64.06,17.88
23.546944,87.292442,17:45:08,29-12-2018,74,151,177,0.07,63,84.49,64.06,17.81
23.546928,87.292412,17:45:10,29-12-2018,74,151,179,0.07,73,75.97,64.06,17.81
23.546928,87.292412,17:45:10,29-12-2018,74,151,180,0.07,75,69.22,64.31,17.72
23.546877,87.292358,17:45:12,29-12-2018,74,151,172,0.07,75,64.22,64.38,17.69
23.546877,87.292358,17:45:12,29-12-2018,52,97,119,0.07,73,61.26,64.5,17.63
23.54689,87.292351,17:45:14,29-12-2018,51,97,127,0.07,70,58.42,64.5,17.56
23.54689,87.292351,17:45:14,29-12-2018,51,97,129,0.07,75,55.42,64.63,17.56
23.546913,87.292328,17:45:16,29-12-2018,53,98,131,0.07,70,53.58,64.69,17.53
23.546913,87.292328,17:45:16,29-12-2018,56,100,137,0.07,65,51.79,64.88,17.44
23.546934,87.292313,17:45:18,29-12-2018,61,103,143,0.07,67,50.29,64.75,17.44
23.546934,87.292313,17:45:18,29-12-2018,59,105,142,0.07,67,49.07,65.06,17.41
23.547024,87.29232,17:45:20,29-12-2018,58,107,146,0.07,63,48.11,65.06,17.41
23.547024,87.29232,17:45:20,29-12-2018,59,109,146,0.07,60,47.4,65.13,17.34
23.546989,87.292274,17:45:22,29-12-2018,61,111,142,0.07,63,46.47,65.31,17.31
23.546989,87.292274,17:45:22,29-12-2018,61,113,144,0.07,59,45.78,65.44,17.28
23.546974,87.292236,17:45:24,29-12-2018,61,114,146,0.07,54,45.32,65.5,17.25
23.546974,87.292236,17:45:24,29-12-2018,59,115,143,0.07,55,44.42,65.63,17.19
23.546974,87.292206,17:45:26,29-12-2018,58,115,144,0.07,52,43.97,65.69,17.16
23.546974,87.292206,17:45:26,29-12-2018,59,115,146,0.07,55,43.53,65.81,17.13
23.546968,87.292175,17:45:28,29-12-2018,55,115,144,0.07,46,43.09,65.81,17.06
23.546968,87.292175,17:45:28,29-12-2018,59,115,144,0.07,45,42.65,66.06,17.06
23.546963,87.292145,17:45:30,29-12-2018,58,115,146,0.07,57,42.22,66.19,17
23.546963,87.292145,17:45:30,29-12-2018,58,115,146,0.07,46,41.79,66.25,16.94
23.546951,87.292107,17:45:32,29-12-2018,62,117,149,0.07,46,40.73,66.38,16.91
23.546951,87.292107,17:45:32,29-12-2018,66,120,154,0.07,51,40.52,66.44,16.88
23.546942,87.292084,17:45:34,29-12-2018,66,122,157,0.07,51,40.31,66.56,16.91
23.546942,87.292084,17:45:34,29-12-2018,72,126,160,0.07,56,40.31,66.56,16.81
23.546942,87.292084,17:45:35,29-12-2018,75,152,184,0.07,51,40.31,66.75,16.81
23.546942,87.292046,17:45:36,29-12-2018,81,154,188,0.07,44,39.9,66.88,16.81
23.546942,87.292046,17:45:37,29-12-2018,80,156,192,0.07,46,39.28,67,16.78
23.546947,87.29203,17:45:38,29-12-2018,83,159,193,0.07,51,39.28,67.06,16.81
23.546953,87.292015,17:45:39,29-12-2018,85,161,202,0.07,44,38.67,67,16.75
23.546953,87.292015,17:45:40,29-12-2018,83,163,203,0.07,44,39.07,67.25,16.75
23.546953,87.292015,17:45:41,29-12-2018,90,185,225,0.08,49,38.87,67.44,16.69
23.546974,87.291977,17:45:42,29-12-2018,83,184,222,0.07,42,38.87,67.44,16.66
23.546989,87.291954,17:45:43,29-12-2018,81,181,222,0.08,45,38.67,67.5,16.66
23.546989,87.291954,17:45:44,29-12-2018,80,179,217,0.08,49,38.47,67.44,16.63
23.547001,87.291924,17:45:45,29-12-2018,82,178,215,0.08,49,38.27,67.63,16.59
23.547001,87.291924,17:45:45,29-12-2018,83,178,213,0.08,44,38.06,67.88,16.56
23.547005,87.291893,17:45:47,29-12-2018,83,178,211,0.08,48,37.87,67.94,16.56
23.547005,87.291893,17:45:47,29-12-2018,81,177,212,0.08,44,37.87,68.06,16.56
23.547014,87.29187,17:45:49,29-12-2018,76,174,211,0.08,49,37.47,68.25,16.5
23.547014,87.29187,17:45:49,29-12-2018,81,173,210,0.08,49,37.47,68.25,16.47
23.547028,87.29184,17:45:51,29-12-2018,81,172,205,0.08,38,37.47,68.19,16.44
23.547028,87.29184,17:45:51,29-12-2018,81,172,205,0.08,36,37.47,68.38,16.47
23.547045,87.291832,17:45:53,29-12-2018,82,171,205,0.08,44,38.27,68.44,16.44
23.547045,87.291832,17:45:53,29-12-2018,84,170,206,0.08,43,38.06,68.38,16.44
23.547052,87.291809,17:45:55,29-12-2018,83,168,207,0.08,38,37.87,68.5,16.44
23.547052,87.291809,17:45:55,29-12-2018,79,166,199,0.08,40,37.87,68.56,16.41
23.547056,87.291779,17:45:57,29-12-2018,79,164,194,0.08,38,37.67,68.81,16.44
23.547056,87.291779,17:45:57,29-12-2018,86,164,191,0.08,43,37.67,68.81,16.41
23.547024,87.291763,17:45:59,29-12-2018,85,163,191,0.08,38,37.67,68.88,16.41
23.547024,87.291763,17:45:59,29-12-2018,85,162,193,0.08,48,37.87,68.88,16.38
23.547018,87.291725,17:46:01,29-12-2018,84,162,197,0.08,39,37.47,69,16.34
23.547018,87.291725,17:46:01,29-12-2018,81,161,199,0.08,36,37.47,69.06,16.38
23.547016,87.291672,17:46:03,29-12-2018,79,160,194,0.08,39,37.47,69.06,16.38
23.547016,87.291672,17:46:03,29-12-2018,82,159,193,0.08,36,37.67,69.19,16.38
23.547031,87.291641,17:46:05,29-12-2018,81,159,192,0.08,36,37.47,69.31,16.34
23.547031,87.291641,17:46:05,29-12-2018,76,158,189,0.08,38,37.07,69.31,16.31
23.547054,87.291618,17:46:07,29-12-2018,71,156,192,0.08,44,37.07,69.44,16.31
23.547054,87.291618,17:46:07,29-12-2018,69,155,190,0.08,38,36.88,69.44,16.34
23.547071,87.29158,17:46:09,29-12-2018,66,152,185,0.09,48,36.88,69.5,16.31
23.547071,87.29158,17:46:09,29-12-2018,64,149,180,0.09,39,36.88,69.63,16.28
23.547087,87.29158,17:46:11,29-12-2018,63,128,159,0.09,36,36.88,69.63,16.25
23.547087,87.29158,17:46:11,29-12-2018,63,128,162,0.09,43,36.88,69.75,16.25
23.547125,87.291565,17:46:13,29-12-2018,60,126,160,0.09,48,36.29,69.69,16.22
23.547125,87.291565,17:46:13,29-12-2018,60,125,159,0.09,38,35.72,69.81,16.25
23.547153,87.291557,17:46:15,29-12-2018,60,123,159,0.09,39,35.91,69.88,16.22
23.547153,87.291557,17:46:15,29-12-2018,62,122,152,0.09,49,35.72,70,16.16
23.547173,87.291527,17:46:17,29-12-2018,58,119,148,0.09,36,35.72,70,16.16
23.547173,87.291527,17:46:17,29-12-2018,61,118,148,0.09,48,35.33,70,16.16
23.547176,87.291504,17:46:19,29-12-2018,61,117,144,0.09,38,35.33,70.06,16.16
23.547176,87.291504,17:46:19,29-12-2018,63,117,144,0.09,45,35.72,70.13,16.06
23.547174,87.291481,17:46:21,29-12-2018,60,115,139,0.09,45,35.52,70.19,16.06
23.547174,87.291481,17:46:21,29-12-2018,60,113,136,0.09,49,35.52,70.25,16.03
23.547184,87.291451,17:46:23,29-12-2018,58,111,134,0.09,39,35.14,70.31,16
23.547184,87.291451,17:46:23,29-12-2018,56,109,134,0.09,38,35.14,70.31,16
23.547192,87.291428,17:46:25,29-12-2018,58,108,139,0.09,38,34.77,70.31,16
23.547192,87.291428,17:46:25,29-12-2018,58,107,135,0.09,38,34.77,70.38,15.97
23.547201,87.291405,17:46:27,29-12-2018,57,106,131,0.09,41,34.96,70.5,15.94
23.547201,87.291405,17:46:27,29-12-2018,53,104,128,0.09,48,34.96,70.56,15.94
23.547201,87.291405,17:46:28,29-12-2018,51,103,126,0.09,48,34.96,70.63,15.88
23.547188,87.291374,17:46:29,29-12-2018,50,102,126,0.09,43,34.77,70.69,15.91
23.547188,87.291374,17:46:30,29-12-2018,49,102,133,0.09,39,34.39,70.75,15.88
23.547188,87.291374,17:46:31,29-12-2018,52,102,129,0.09,39,34.21,70.81,15.84
23.54718,87.291344,17:46:32,29-12-2018,56,103,123,0.09,38,35.52,70.81,15.84
23.54718,87.291344,17:46:33,29-12-2018,55,103,124,0.09,38,35.52,70.88,15.84
23.547169,87.291313,17:46:34,29-12-2018,59,104,133,0.09,41,35.91,71,15.81
23.547169,87.291313,17:46:35,29-12-2018,64,106,138,0.09,38,35.91,71.13,15.78
23.547169,87.291313,17:46:36,29-12-2018,64,108,140,0.09,36,36.1,70.94,15.78
23.547173,87.291267,17:46:37,29-12-2018,67,110,144,0.09,48,35.91,71.06,15.75
23.547178,87.291245,17:46:38,29-12-2018,73,138,172,0.09,38,35.91,71.06,15.75
23.547178,87.291245,17:46:39,29-12-2018,71,137,166,0.09,38,35.91,71.19,15.75
23.547199,87.291222,17:46:40,29-12-2018,72,137,169,0.1,38,36.1,71.38,15.75
23.547199,87.291222,17:46:40,29-12-2018,69,136,169,0.1,38,35.91,71.19,15.72
23.547201,87.291206,17:46:42,29-12-2018,69,136,171,0.1,36,35.72,71.44,15.66
23.547201,87.291206,17:46:42,29-12-2018,71,137,169,0.1,41,35.91,71.44,15.66
23.547215,87.291176,17:46:44,29-12-2018,69,138,173,0.1,36,35.72,71.5,15.66
23.547215,87.291176,17:46:44,29-12-2018,74,140,176,0.1,38,35.72,71.44,15.66
23.547232,87.291153,17:46:46,29-12-2018,77,141,175,0.1,48,35.72,71.5,15.56
23.547232,87.291153,17:46:46,29-12-2018,82,144,175,0.1,39,35.52,71.5,15.56
23.547251,87.291115,17:46:48,29-12-2018,82,147,177,0.1,43,35.52,71.81,15.5
23.547251,87.291115,17:46:48,29-12-2018,88,150,183,0.1,36,35.52,71.5,15.5
23.547264,87.291084,17:46:50,29-12-2018,88,153,185,0.1,43,35.52,71.81,15.44
23.547264,87.291084,17:46:50,29-12-2018,86,155,190,0.1,36,35.52,71.81,15.44
23.547276,87.291054,17:46:52,29-12-2018,89,158,190,0.1,43,34.58,71.94,15.38
23.547276,87.291054,17:46:52,29-12-2018,91,160,195,0.1,43,34.58,71.88,15.38
23.547285,87.291031,17:46:54,29-12-2018,84,161,200,0.1,38,34.77,71.94,15.34
23.547285,87.291031,17:46:54,29-12-2018,82,162,205,0.1,43,34.58,72.06,15.34
23.547295,87.291008,17:46:56,29-12-2018,82,163,212,0.1,38,34.58,72.19,15.31
23.547295,87.291008,17:46:56,29-12-2018,82,164,211,0.1,43,34.58,72.19,15.25
23.5473,87.290993,17:46:58,29-12-2018,82,164,211,0.1,39,34.39,72.31,15.22
23.5473,87.290993,17:46:58,29-12-2018,79,164,217,0.1,36,34.39,72.38,15.22
23.547306,87.29097,17:47:00,29-12-2018,78,163,214,0.1,48,34.39,72.5,15.19
23.547306,87.29097,17:47:00,29-12-2018,77,162,216,0.1,43,34.39,72.56,15.09
23.547319,87.290947,17:47:02,29-12-2018,73,161,215,0.1,41,34.39,72.63,15.13
23.547319,87.290947,17:47:02,29-12-2018,80,161,221,0.1,39,34.39,72.69,15.09
23.547338,87.290916,17:47:04,29-12-2018,81,161,223,0.1,41,34.39,72.81,15.09
23.547338,87.290916,17:47:04,29-12-2018,80,161,218,0.1,44,34.58,72.88,15.06
23.547358,87.290894,17:47:06,29-12-2018,80,161,221,0.1,39,34.39,72.88,15.03
23.547358,87.290894,17:47:06,29-12-2018,83,162,213,0.1,38,34.21,73,15.03
23.547377,87.290863,17:47:08,29-12-2018,85,163,213,0.1,41,34.58,73.06,15.03
23.547377,87.290863,17:47:08,29-12-2018,84,164,215,0.1,36,34.21,73.19,15
23.547382,87.290833,17:47:10,29-12-2018,86,165,212,0.1,38,35.14,73.19,15
23.547382,87.290833,17:47:10,29-12-2018,83,165,209,0.1,38,35.14,73.31,14.94
23.547371,87.29081,17:47:12,29-12-2018,83,165,210,0.1,43,35.14,73.25,14.94
23.547371,87.29081,17:47:12,29-12-2018,84,165,208,0.1,44,35.14,73.38,14.94
23.547354,87.290787,17:47:14,29-12-2018,89,166,209,0.1,39,34.96,73.31,14.91
23.547354,87.290787,17:47:14,29-12-2018,88,167,214,0.11,39,34.96,73.38,14.88
23.547331,87.290771,17:47:16,29-12-2018,89,169,216,0.11,38,35.14,73.5,14.88
23.547331,87.290771,17:47:16,29-12-2018,91,170,214,0.11,39,35.14,73.44,14.88
23.547304,87.290749,17:47:18,29-12-2018,90,170,218,0.11,38,34.96,73.44,14.84
23.547304,87.290749,17:47:18,29-12-2018,89,170,216,0.11,41,34.96,73.5,14.84
23.547281,87.290741,17:47:20,29-12-2018,89,170,216,0.11,39,34.96,73.5,14.81
23.547281,87.290741,17:47:20,29-12-2018,85,169,216,0.11,44,34.96,73.69,14.81
23.547256,87.290718,17:47:22,29-12-2018,84,167,213,0.11,39,34.96,73.5,14.81
23.547256,87.290718,17:47:22,29-12-2018,74,164,206,0.11,43,34.96,73.56,14.78
23.547232,87.29071,17:47:24,29-12-2018,75,143,182,0.11,36,34.77,73.63,14.75
23.547232,87.29071,17:47:24,29-12-2018,70,142,177,0.11,39,34.96,73.56,14.75
23.547215,87.290688,17:47:26,29-12-2018,72,142,178,0.11,39,34.96,73.63,14.75
23.547215,87.290688,17:47:26,29-12-2018,72,142,177,0.11,38,34.96,73.75,14.72
23.547195,87.290665,17:47:28,29-12-2018,73,142,174,0.11,31,34.77,73.75,14.69
23.547195,87.290665,17:47:28,29-12-2018,78,143,171,0.11,41,34.02,73.69,14.69
23.547195,87.290665,17:47:29,29-12-2018,81,145,176,0.11,43,33.84,73.75,14.69
23.547176,87.290642,17:47:30,29-12-2018,86,148,181,0.11,43,33.47,73.75,14.69
23.547167,87.290627,17:47:31,29-12-2018,90,151,192,0.11,38,34.21,73.94,14.66
23.547167,87.290627,17:47:32,29-12-2018,88,154,200,0.11,41,34.21,73.69,14.69
23.547159,87.290619,17:47:33,29-12-2018,87,156,203,0.11,38,34.02,73.94,14.69
23.547155,87.290604,17:47:34,29-12-2018,88,158,206,0.11,44,34.02,73.88,14.69
23.547155,87.290604,17:47:35,29-12-2018,87,160,212,0.11,43,34.02,74,14.72
23.547144,87.290588,17:47:36,29-12-2018,85,161,211,0.11,39,33.84,74,14.72
23.547132,87.290565,17:47:37,29-12-2018,88,164,215,0.11,30,33.84,74,14.72
23.547132,87.290565,17:47:38,29-12-2018,86,165,215,0.11,38,34.02,74,14.69
23.547131,87.290558,17:47:39,29-12-2018,88,167,209,0.11,44,33.84,73.94,14.72
23.547129,87.290535,17:47:40,29-12-2018,97,171,211,0.11,36,34.02,74.06,14.69
23.547129,87.290535,17:47:41,29-12-2018,97,174,214,0.11,39,34.02,74.13,14.69
23.547119,87.290504,17:47:42,29-12-2018,99,176,214,0.11,41,33.84,74.06,14.69
23.547119,87.290504,17:47:42,29-12-2018,95,177,214,0.12,40,33.84,74.13,14.69
23.547106,87.290482,17:47:44,29-12-2018,95,179,217,0.12,43,33.84,74.25,14.69
23.547106,87.290482,17:47:44,29-12-2018,96,181,222,0.12,39,33.84,74.19,14.69
23.547098,87.290451,17:47:46,29-12-2018,99,182,221,0.12,38,33.65,74.19,14.66
23.547098,87.290451,17:47:46,29-12-2018,103,185,224,0.12,43,34.77,74.19,14.66
23.547089,87.290421,17:47:48,29-12-2018,98,185,227,0.12,38,34.77,74.06,14.59
23.547089,87.290421,17:47:48,29-12-2018,95,185,228,0.12,43,34.77,74.25,14.59
23.547079,87.29039,17:47:50,29-12-2018,94,185,233,0.12,41,34.58,74.19,14.63
23.547079,87.29039,17:47:50,29-12-2018,102,186,234,0.12,43,34.39,74.25,14.59
23.547066,87.290352,17:47:52,29-12-2018,104,187,234,0.12,36,34.58,74.31,14.63
23.547066,87.290352,17:47:52,29-12-2018,105,188,233,0.12,38,34.58,74.19,14.63
23.547064,87.290329,17:47:54,29-12-2018,102,188,235,0.12,36,34.58,74.06,14.56
23.547064,87.290329,17:47:54,29-12-2018,95,187,236,0.12,35,34.58,74.25,14.59
23.547066,87.290298,17:47:56,29-12-2018,94,186,234,0.12,39,34.58,74.19,14.59
23.547066,87.290298,17:47:56,29-12-2018,92,185,233,0.12,41,34.58,74.19,14.59
23.547066,87.29026,17:47:58,29-12-2018,90,184,227,0.12,41,34.58,74.13,14.63
23.547066,87.29026,17:47:58,29-12-2018,86,182,225,0.12,39,34.58,74.19,14.66
23.547062,87.290245,17:48:00,29-12-2018,85,181,224,0.12,34,34.58,74.25,14.63
23.547062,87.290245,17:48:00,29-12-2018,85,181,222,0.12,40,34.39,74.19,14.66
23.547068,87.290222,17:48:02,29-12-2018,84,181,223,0.12,35,34.58,74.06,14.59
23.547068,87.290222,17:48:02,29-12-2018,87,181,219,0.12,28,34.58,74.19,14.63
23.547075,87.290207,17:48:04,29-12-2018,87,181,219,0.12,34,33.47,74.25,14.59
23.547075,87.290207,17:48:04,29-12-2018,88,181,216,0.12,39,33.47,74.06,14.63
23.547083,87.290184,17:48:06,29-12-2018,91,181,218,0.12,38,33.47,74.19,14.66
23.547083,87.290184,17:48:06,29-12-2018,91,182,224,0.12,41,33.28,74.19,14.59
23.547089,87.290161,17:48:08,29-12-2018,91,182,223,0.12,39,33.65,74.25,14.59
23.547089,87.290161,17:48:08,29-12-2018,90,182,221,0.12,36,33.47,74.25,14.63
23.547087,87.290131,17:48:10,29-12-2018,91,182,226,0.12,38,33.47,74.25,14.59
23.547087,87.290131,17:48:10,29-12-2018,96,183,229,0.12,38,33.28,74.31,14.56
23.547096,87.290108,17:48:12,29-12-2018,98,185,236,0.12,41,33.47,74.31,14.56
23.547096,87.290108,17:48:12,29-12-2018,99,187,244,0.12,43,33.65,74.31,14.56
23.547106,87.290085,17:48:14,29-12-2018,100,189,242,0.12,39,33.47,74.31,14.56
23.547106,87.290085,17:48:14,29-12-2018,104,191,239,0.12,41,33.47,74.31,14.56
23.547106,87.290054,17:48:16,29-12-2018,109,194,249,0.12,41,33.28,74.44,14.5
23.547106,87.290054,17:48:16,29-12-2018,112,197,251,0.12,40,33.47,74.38,14.56
23.547102,87.290031,17:48:18,29-12-2018,109,199,250,0.12,40,33.47,74.44,14.53
23.547102,87.290031,17:48:18,29-12-2018,102,199,248,0.13,41,33.28,74.38,14.5
23.547104,87.290009,17:48:20,29-12-2018,99,198,246,0.13,35,33.47,74.5,14.5
23.547104,87.290009,17:48:20,29-12-2018,102,198,243,0.13,40,33.47,74.56,14.5
23.547106,87.289993,17:48:22,29-12-2018,99,197,244,0.13,28,34.21,74.5,14.5
23.547106,87.289993,17:48:22,29-12-2018,95,196,246,0.13,41,34.21,74.56,14.5
23.547117,87.289978,17:48:24,29-12-2018,88,194,239,0.13,41,34.21,74.63,14.5
23.547117,87.289978,17:48:24,29-12-2018,89,193,240,0.13,35,34.21,74.5,14.53
23.547125,87.28997,17:48:26,29-12-2018,89,192,239,0.13,34,33.84,74.56,14.56
23.547125,87.28997,17:48:26,29-12-2018,89,191,236,0.13,35,33.84,74.63,14.56
23.547146,87.289963,17:48:28,29-12-2018,92,191,240,0.13,40,33.65,74.56,14.56
23.547146,87.289963,17:48:28,29-12-2018,95,191,237,0.13,39,34.02,74.56,14.56
23.547144,87.289978,17:48:30,29-12-2018,97,192,237,0.13,39,34.02,74.63,14.63
23.547144,87.289978,17:48:30,29-12-2018,97,193,234,0.13,38,33.84,74.56,14.56
23.547152,87.289993,17:48:32,29-12-2018,96,193,231,0.13,28,33.47,74.63,14.59
23.547152,87.289993,17:48:32,29-12-2018,100,195,236,0.13,29,33.84,74.69,14.63
23.547165,87.290016,17:48:34,29-12-2018,98,196,243,0.13,34,34.02,74.63,14.63
23.547165,87.290016,17:48:34,29-12-2018,97,196,248,0.13,41,33.47,74.63,14.66
23.547171,87.290024,17:48:36,29-12-2018,94,196,250,0.13,38,33.84,74.81,14.69
23.547171,87.290024,17:48:36,29-12-2018,92,196,251,0.13,39,33.84,74.75,14.69
23.547173,87.290016,17:48:38,29-12-2018,89,196,255,0.13,40,33.47,74.75,14.69
23.547173,87.290016,17:48:38,29-12-2018,91,196,256,0.13,38,32.92,74.75,14.72
23.547173,87.290016,17:48:39,29-12-2018,93,196,255,0.13,34,33.28,74.69,14.69
23.547173,87.290016,17:48:40,29-12-2018,89,195,251,0.13,35,33.28,74.75,14.72
23.547192,87.290001,17:48:41,29-12-2018,92,195,246,0.13,34,33.28,74.75,14.75
23.547192,87.290001,17:48:42,29-12-2018,91,196,241,0.13,34,33.1,74.69,14.75
23.547192,87.290001,17:48:43,29-12-2018,94,196,239,0.13,40,33.28,74.81,14.78
23.547192,87.290001,17:48:44,29-12-2018,94,197,239,0.13,41,33.1,74.88,14.78
23.547192,87.290001,17:48:45,29-12-2018,93,197,233,0.13,40,33.1,74.88,14.81
23.547192,87.290001,17:48:46,29-12-2018,90,197,235,0.13,28,33.1,74.75,14.84
23.547192,87.290001,17:48:47,29-12-2018,90,197,235,0.13,35,33.28,74.63,14.81
23.547159,87.289963,17:48:48,29-12-2018,90,198,239,0.13,38,33.1,74.81,14.81
23.547159,87.289963,17:48:49,29-12-2018,95,199,242,0.13,38,33.1,74.63,14.84
23.547159,87.289955,17:48:50,29-12-2018,94,199,239,0.13,39,33.1,74.56,14.88
23.547165,87.289932,17:48:51,29-12-2018,99,199,239,0.13,30,33.28,74.81,14.88
23.547165,87.289932,17:48:52,29-12-2018,99,200,237,0.13,39,33.1,74.63,14.91
23.547159,87.289894,17:48:53,29-12-2018,97,200,241,0.13,29,32.92,74.63,14.88
23.547159,87.289894,17:48:53,29-12-2018,95,200,248,0.13,41,32.92,74.69,14.91
23.547165,87.289879,17:48:55,29-12-2018,97,199,249,0.13,39,33.28,74.75,14.88
23.547165,87.289879,17:48:55,29-12-2018,97,198,247,0.13,36,34.02,74.44,14.91
23.547159,87.289879,17:48:57,29-12-2018,96,197,242,0.13,29,34.02,74.69,14.94
23.547159,87.289879,17:48:57,29-12-2018,94,196,242,0.13,41,33.65,74.44,14.91
23.547167,87.289886,17:48:59,29-12-2018,94,195,241,0.13,34,33.84,74.5,14.94
23.547167,87.289886,17:48:59,29-12-2018,92,193,240,0.13,40,34.02,74.5,14.97
23.547211,87.289879,17:49:01,29-12-2018,96,192,240,0.13,28,33.84,74.69,14.97
23.547211,87.289879,17:49:01,29-12-2018,100,192,240,0.13,41,33.84,74.38,14.97
23.547216,87.289864,17:49:03,29-12-2018,105,193,238,0.13,34,33.84,74.44,15
23.54715,87.290024,17:45:08,29-12-2018,84,143,179,0.11,51,64.83,73.63,14.78
23.54715,87.290024,17:45:08,29-12-2018,84,143,179,0.11,60,59.26,73.75,14.78
23.547152,87.290024,17:45:09,29-12-2018,84,143,183,0.1,75,55.42,73.94,14.75
23.547152,87.290024,17:45:10,29-12-2018,84,143,183,0.1,70,52.55,73.75,14.75
23.54715,87.290031,17:45:11,29-12-2018,84,143,188,0.1,76,50.04,74,14.75
23.54715,87.290031,17:45:12,29-12-2018,67,140,185,0.1,81,49.31,73.94,14.69
23.547165,87.290016,17:45:13,29-12-2018,67,140,188,0.1,70,47.87,74.19,14.66
23.547165,87.290016,17:45:14,29-12-2018,71,140,187,0.1,80,46.24,74.19,14.63
23.547159,87.290016,17:45:15,29-12-2018,76,141,185,0.1,73,45.32,74.25,14.63
23.547159,87.290016,17:45:16,29-12-2018,74,142,185,0.1,68,44.19,74.19,14.59
23.547079,87.290016,17:45:17,29-12-2018,73,142,181,0.09,66,43.53,74.25,14.53
23.547079,87.290016,17:45:18,29-12-2018,69,142,182,0.09,66,42.87,74.25,14.53
23.547079,87.290039,17:45:19,29-12-2018,70,142,178,0.09,68,42.22,74.31,14.53
23.547079,87.290039,17:45:20,29-12-2018,67,142,176,0.09,64,41.58,74.25,14.47
23.547079,87.29007,17:45:21,29-12-2018,68,141,175,0.09,59,40.94,74.56,14.44
23.547079,87.29007,17:45:22,29-12-2018,64,139,170,0.09,61,40.52,74.56,14.38
23.547079,87.290108,17:45:23,29-12-2018,62,136,167,0.09,55,40.31,74.5,14.34
23.547079,87.290108,17:45:24,29-12-2018,61,133,173,0.09,54,39.48,74.75,14.31
23.547073,87.290154,17:45:25,29-12-2018,59,130,176,0.1,50,39.07,74.75,14.28
23.547073,87.290154,17:45:26,29-12-2018,66,129,176,0.1,46,38.87,74.81,14.25
23.54706,87.290192,17:45:27,29-12-2018,63,126,177,0.09,47,39.07,74.88,14.25
23.54706,87.290192,17:45:28,29-12-2018,72,126,178,0.1,46,38.87,74.94,14.19
23.547047,87.290222,17:45:29,29-12-2018,67,125,167,0.09,57,38.67,74.94,14.19
23.547047,87.290222,17:45:30,29-12-2018,67,124,166,0.09,52,38.47,75.06,14.19
23.547041,87.290253,17:45:31,29-12-2018,69,123,170,0.09,57,37.87,75,14.16
23.547041,87.290253,17:45:32,29-12-2018,63,120,165,0.1,59,36.88,75.19,14.16
23.547052,87.290298,17:45:33,29-12-2018,63,118,157,0.1,54,36.88,75.25,14.13
23.547052,87.290298,17:45:34,29-12-2018,63,117,150,0.1,55,37.07,75.31,14.06
23.547068,87.290367,17:45:35,29-12-2018,60,116,148,0.1,46,37.07,75.38,14.03
23.547068,87.290367,17:45:36,29-12-2018,61,116,143,0.1,57,36.88,75.38,14.06
23.547079,87.290436,17:45:37,29-12-2018,53,113,139,0.1,50,36.29,75.5,14
23.547079,87.290436,17:45:38,29-12-2018,53,110,140,0.1,56,36.68,75.5,14
23.547087,87.290482,17:45:39,29-12-2018,52,107,132,0.1,52,36.1,75.69,13.97
23.547087,87.290482,17:45:40,29-12-2018,61,107,138,0.1,51,36.68,75.69,13.94
23.547106,87.290535,17:45:41,29-12-2018,71,110,138,0.1,57,36.49,75.94,13.88
23.547106,87.290535,17:45:42,29-12-2018,80,141,169,0.1,50,36.29,75.94,13.84
23.547125,87.290604,17:45:43,29-12-2018,82,141,167,0.1,46,36.49,76,13.84
23.547125,87.290604,17:45:44,29-12-2018,83,141,167,0.1,46,36.1,76.13,13.84
23.547144,87.290642,17:45:45,29-12-2018,81,141,179,0.1,46,35.72,76.25,13.84
23.547144,87.290642,17:45:46,29-12-2018,86,143,184,0.1,60,36.49,76.25,13.84
23.547188,87.29068,17:45:47,29-12-2018,88,146,198,0.1,57,35.91,76.38,13.78
23.547188,87.29068,17:45:48,29-12-2018,79,146,195,0.1,46,36.1,76.44,13.78
23.547237,87.290718,17:45:49,29-12-2018,68,144,195,0.1,57,35.52,76.63,13.75
23.547237,87.290718,17:45:50,29-12-2018,60,122,187,0.1,56,36.1,76.75,13.75
23.547237,87.290718,17:45:51,29-12-2018,62,121,184,0.1,55,35.72,76.81,13.75
23.547283,87.290741,17:45:52,29-12-2018,62,120,183,0.1,54,35.91,76.88,13.78
23.547306,87.290749,17:45:53,29-12-2018,59,119,183,0.1,54,35.72,77,13.69
23.547306,87.290749,17:45:54,29-12-2018,63,119,169,0.1,54,36.68,77.06,13.69
23.547333,87.290756,17:45:55,29-12-2018,60,119,166,0.1,61,36.68,77.19,13.66
23.547333,87.290756,17:45:56,29-12-2018,58,119,159,0.1,60,36.68,77.19,13.66
23.547373,87.290779,17:45:56,29-12-2018,66,121,166,0.1,59,36.49,77.38,13.69
23.547373,87.290779,17:45:57,29-12-2018,70,124,171,0.1,57,36.68,77.31,13.63
23.54743,87.290733,17:45:58,29-12-2018,69,126,157,0.1,57,36.49,77.56,13.63
23.54743,87.290733,17:45:59,29-12-2018,68,129,163,0.1,55,36.49,77.44,13.59
23.547453,87.290688,17:46:00,29-12-2018,73,151,187,0.1,46,36.29,77.69,13.59
23.547453,87.290688,17:46:01,29-12-2018,79,153,195,0.1,57,36.29,77.75,13.56
23.54748,87.290627,17:46:02,29-12-2018,85,175,219,0.1,51,36.49,78,13.59
23.54748,87.290627,17:46:03,29-12-2018,85,175,217,0.1,56,36.29,78.13,13.53
23.547516,87.290573,17:46:04,29-12-2018,82,174,217,0.1,51,36.1,78.06,13.56
23.547516,87.290573,17:46:05,29-12-2018,81,172,213,0.1,51,36.1,78.25,13.53
23.547548,87.290512,17:46:06,29-12-2018,86,172,215,0.1,51,36.1,78.19,13.53
23.547548,87.290512,17:46:07,29-12-2018,85,172,214,0.11,49,36.29,78.38,13.53
23.547585,87.290459,17:46:08,29-12-2018,86,172,212,0.11,56,35.91,78.5,13.5
23.547585,87.290459,17:46:09,29-12-2018,81,171,208,0.11,57,36.29,78.44,13.5
23.547621,87.290405,17:46:10,29-12-2018,81,169,204,0.11,51,36.49,78.5,13.53
23.547621,87.290405,17:46:11,29-12-2018,85,168,200,0.11,51,36.1,78.69,13.5
23.547661,87.290352,17:46:12,29-12-2018,87,168,195,0.11,57,36.1,78.75,13.47
23.547661,87.290352,17:46:13,29-12-2018,88,168,192,0.11,55,36.29,78.94,13.5
23.547695,87.290298,17:46:14,29-12-2018,88,168,192,0.11,46,35.14,78.81,13.5
23.547695,87.290298,17:46:15,29-12-2018,87,168,191,0.11,46,35.52,78.88,13.5
23.547733,87.29023,17:46:16,29-12-2018,89,168,189,0.11,57,35.14,79.06,13.5
23.547733,87.29023,17:46:17,29-12-2018,85,168,189,0.11,54,34.96,78.94,13.53
23.54777,87.290161,17:46:18,29-12-2018,86,168,189,0.11,59,34.96,79.06,13.5
23.54777,87.290161,17:46:19,29-12-2018,83,167,188,0.11,55,34.96,79.19,13.53
23.547806,87.290108,17:46:20,29-12-2018,83,166,193,0.11,59,35.33,79.31,13.53
23.547806,87.290108,17:46:21,29-12-2018,82,165,196,0.11,60,34.77,79.19,13.56
23.547838,87.290031,17:46:22,29-12-2018,80,164,199,0.11,54,34.96,79.31,13.53
23.547838,87.290031,17:46:23,29-12-2018,78,162,204,0.11,59,35.14,79.31,13.53
23.547873,87.289986,17:46:24,29-12-2018,78,159,207,0.11,54,34.96,79.38,13.56
23.547873,87.289986,17:46:25,29-12-2018,81,157,203,0.11,64,35.33,79.38,13.56
23.547903,87.289932,17:46:26,29-12-2018,77,155,200,0.11,52,34.96,79.44,13.59
23.547903,87.289932,17:46:27,29-12-2018,73,153,196,0.11,60,34.96,79.56,13.59
23.547932,87.289886,17:46:28,29-12-2018,67,128,165,0.11,63,34.96,79.56,13.59
23.547932,87.289886,17:46:29,29-12-2018,67,128,157,0.11,54,34.58,79.56,13.59
23.54796,87.289833,17:46:30,29-12-2018,65,128,158,0.11,59,34.58,79.69,13.59
23.54796,87.289833,17:46:31,29-12-2018,64,127,151,0.11,60,34.21,79.69,13.56
23.547991,87.28978,17:46:32,29-12-2018,62,127,145,0.11,64,34.21,79.63,13.63
23.547991,87.28978,17:46:33,29-12-2018,61,126,143,0.11,59,34.21,79.75,13.63
23.548021,87.289719,17:46:34,29-12-2018,67,126,146,0.11,55,35.33,79.75,13.56
23.548021,87.289719,17:46:35,29-12-2018,74,127,148,0.12,54,35.14,79.81,13.56
23.548052,87.28965,17:46:36,29-12-2018,74,128,149,0.12,59,34.77,79.81,13.56
23.548052,87.28965,17:46:37,29-12-2018,78,130,157,0.12,60,35.14,79.75,13.56
23.548082,87.289589,17:46:38,29-12-2018,80,132,165,0.11,54,35.33,79.75,13.63
23.548082,87.289589,17:46:39,29-12-2018,83,135,167,0.12,54,34.58,79.94,13.63
23.548119,87.28952,17:46:40,29-12-2018,81,136,175,0.12,55,34.96,79.88,13.59
23.548119,87.28952,17:46:41,29-12-2018,80,137,179,0.12,54,34.77,79.94,13.59
23.548082,87.289474,17:46:42,29-12-2018,77,138,180,0.12,57,34.58,79.88,13.59
23.548082,87.289474,17:46:43,29-12-2018,78,139,186,0.12,55,34.77,79.81,13.63
23.548008,87.289452,17:46:44,29-12-2018,72,139,184,0.12,47,34.39,80,13.66
23.548008,87.289452,17:46:45,29-12-2018,68,139,178,0.12,57,34.21,79.94,13.63
23.547976,87.289436,17:46:46,29-12-2018,65,137,175,0.12,45,34.39,80,13.59
23.547939,87.289429,17:46:47,29-12-2018,66,136,175,0.12,56,34.39,79.88,13.63
23.547939,87.289429,17:46:48,29-12-2018,63,135,166,0.12,60,34.21,79.75,13.56
23.547901,87.289413,17:46:49,29-12-2018,63,133,161,0.12,56,34.39,80,13.63
23.547901,87.289413,17:46:49,29-12-2018,68,131,166,0.12,47,34.58,80,13.63
23.547901,87.289413,17:46:50,29-12-2018,69,130,160,0.12,46,34.96,79.88,13.66
23.547779,87.289345,17:46:51,29-12-2018,74,130,165,0.12,60,34.77,79.88,13.63
23.547779,87.289345,17:46:52,29-12-2018,73,130,167,0.12,46,34.58,79.81,13.66
23.54772,87.289307,17:46:53,29-12-2018,70,129,161,0.12,52,34.39,79.88,13.69
23.54772,87.289307,17:46:54,29-12-2018,74,129,160,0.12,51,33.84,79.94,13.72
23.547659,87.289268,17:46:55,29-12-2018,83,156,191,0.12,60,33.65,79.75,13.69
23.547659,87.289268,17:46:56,29-12-2018,79,156,195,0.12,55,33.65,79.88,13.69
23.547585,87.28923,17:46:57,29-12-2018,79,156,195,0.12,60,33.84,79.88,13.69
23.547585,87.28923,17:46:58,29-12-2018,83,156,190,0.13,57,33.65,79.75,13.69
23.547522,87.289185,17:46:59,29-12-2018,75,154,185,0.13,54,33.47,79.88,13.66
23.547522,87.289185,17:47:00,29-12-2018,72,151,177,0.13,54,33.65,79.88,13.63
23.547457,87.289146,17:47:01,29-12-2018,74,149,175,0.13,54,33.47,79.88,13.66
23.547457,87.289146,17:47:02,29-12-2018,77,148,179,0.13,54,33.47,79.75,13.66
23.547394,87.289108,17:47:03,29-12-2018,68,127,155,0.13,57,33.47,79.88,13.66
23.547394,87.289108,17:47:04,29-12-2018,65,123,149,0.13,47,33.28,80,13.69
23.547333,87.28907,17:47:05,29-12-2018,72,122,158,0.13,59,33.47,79.88,13.69
23.547333,87.28907,17:47:06,29-12-2018,66,121,162,0.13,54,33.1,79.88,13.72
23.547268,87.289032,17:47:07,29-12-2018,70,121,164,0.13,57,33.28,79.88,13.72
23.547268,87.289032,17:47:08,29-12-2018,68,121,165,0.13,60,33.1,79.81,13.69
23.547203,87.289001,17:47:09,29-12-2018,68,122,172,0.13,55,33.47,79.81,13.72
23.547203,87.289001,17:47:10,29-12-2018,71,124,176,0.13,55,32.92,79.75,13.69
23.547142,87.288963,17:47:11,29-12-2018,73,126,177,0.13,65,33.1,79.81,13.69
23.547142,87.288963,17:47:12,29-12-2018,70,127,178,0.13,55,33.28,79.81,13.66
23.547075,87.288925,17:47:13,29-12-2018,69,129,166,0.13,68,32.92,79.75,13.66
23.547075,87.288925,17:47:14,29-12-2018,74,132,163,0.13,60,34.02,79.81,13.63
23.54701,87.288887,17:47:15,29-12-2018,82,135,174,0.13,66,34.21,79.88,13.59
23.54701,87.288887,17:47:16,29-12-2018,80,138,175,0.14,66,34.58,79.81,13.63
23.546951,87.288849,17:47:17,29-12-2018,84,141,173,0.13,67,34.58,79.88,13.63
23.546951,87.288849,17:47:18,29-12-2018,85,144,172,0.13,72,34.58,79.88,13.59
23.546896,87.288818,17:47:19,29-12-2018,85,147,175,0.13,67,34.58,79.75,13.59
23.546896,87.288818,17:47:20,29-12-2018,87,149,180,0.13,73,34.21,79.81,13.59
23.546843,87.28878,17:47:21,29-12-2018,89,152,196,0.14,68,34.39,79.88,13.56
23.546843,87.28878,17:47:22,29-12-2018,82,152,194,0.14,73,34.02,79.69,13.56
23.546789,87.288765,17:47:23,29-12-2018,82,152,196,0.13,71,34.39,79.69,13.53
23.546789,87.288765,17:47:24,29-12-2018,74,150,188,0.13,68,34.21,79.75,13.5
23.546736,87.288727,17:47:25,29-12-2018,78,149,190,0.13,66,34.58,79.75,13.5
23.546736,87.288727,17:47:26,29-12-2018,76,147,188,0.14,73,34.21,79.81,13.5
23.546684,87.288704,17:47:27,29-12-2018,70,124,169,0.14,64,34.39,79.94,13.47
23.546684,87.288704,17:47:28,29-12-2018,66,124,166,0.14,68,34.39,79.81,13.47
23.546648,87.288689,17:47:29,29-12-2018,66,123,154,0.14,73,34.39,79.75,13.47
23.546648,87.288689,17:47:30,29-12-2018,67,123,156,0.14,66,34.39,79.81,13.47
23.546602,87.288666,17:47:31,29-12-2018,63,122,153,0.14,64,34.58,79.69,13.5
23.546602,87.288666,17:47:32,29-12-2018,59,120,149,0.14,64,34.21,79.69,13.5
23.546553,87.288628,17:47:33,29-12-2018,54,117,147,0.14,72,34.02,79.69,13.5
23.546553,87.288628,17:47:34,29-12-2018,58,116,145,0.14,67,33.47,79.69,13.47
23.546509,87.288582,17:47:35,29-12-2018,61,116,143,0.14,72,33.1,79.75,13.47
23.546509,87.288582,17:47:36,29-12-2018,60,115,147,0.14,64,32.92,79.63,13.47
23.546459,87.288536,17:47:37,29-12-2018,57,114,146,0.14,72,33.28,79.69,13.5
23.546459,87.288536,17:47:38,29-12-2018,58,113,150,0.14,60,33.1,79.63,13.47
23.546406,87.288498,17:47:39,29-12-2018,56,111,153,0.14,68,33.1,79.75,13.47
23.546406,87.288498,17:47:40,29-12-2018,61,111,155,0.14,72,33.1,79.69,13.47
23.546362,87.288467,17:47:41,29-12-2018,61,111,155,0.14,72,33.1,79.63,13.47
23.546362,87.288467,17:47:42,29-12-2018,64,111,152,0.14,67,32.92,79.63,13.41
23.546303,87.288437,17:47:43,29-12-2018,58,109,152,0.14,66,33.1,79.69,13.47
23.546303,87.288437,17:47:44,29-12-2018,58,107,148,0.14,72,33.1,79.63,13.41
23.546303,87.288437,17:47:44,29-12-2018,61,107,142,0.14,60,32.92,79.75,13.41
23.546303,87.288437,17:47:45,29-12-2018,64,107,140,0.15,60,32.92,79.75,13.38
23.546303,87.288437,17:47:46,29-12-2018,63,107,138,0.14,67,33.1,79.56,13.41
23.546181,87.28846,17:47:47,29-12-2018,71,108,133,0.14,60,33.1,79.81,13.41
23.546144,87.288498,17:47:48,29-12-2018,65,108,132,0.15,59,32.92,79.69,13.41
23.546144,87.288498,17:47:49,29-12-2018,69,110,135,0.15,52,32.92,79.81,13.41
23.546118,87.288551,17:47:50,29-12-2018,72,113,142,0.15,55,32.92,79.69,13.38
23.546118,87.288551,17:47:51,29-12-2018,70,114,146,0.15,54,32.92,79.75,13.44
23.546089,87.288605,17:47:52,29-12-2018,74,117,150,0.15,60,33.1,79.75,13.41
23.546089,87.288605,17:47:53,29-12-2018,73,119,157,0.15,54,34.02,79.88,13.44
23.546055,87.288651,17:47:54,29-12-2018,76,122,158,0.15,64,33.84,79.88,13.41
23.546055,87.288651,17:47:55,29-12-2018,73,124,159,0.15,58,33.84,79.94,13.41
23.54603,87.288696,17:47:56,29-12-2018,76,127,168,0.15,63,33.47,79.81,13.38
23.54603,87.288696,17:47:57,29-12-2018,74,128,168,0.15,63,33.1,80,13.38
23.546,87.288742,17:47:58,29-12-2018,71,129,168,0.15,68,33.84,79.94,13.38
23.546,87.288742,17:47:59,29-12-2018,74,130,167,0.15,68,33.84,79.81,13.38
23.545971,87.28878,17:48:00,29-12-2018,68,129,170,0.15,65,33.84,79.94,13.38
23.545971,87.28878,17:48:01,29-12-2018,64,128,165,0.15,65,33.65,79.63,13.38
23.54595,87.288818,17:48:02,29-12-2018,65,127,165,0.15,65,33.84,79.75,13.41
23.54595,87.288818,17:48:03,29-12-2018,65,126,164,0.15,63,33.84,79.69,13.41
23.545931,87.288864,17:48:04,29-12-2018,61,123,162,0.15,59,33.65,79.75,13.41
23.545931,87.288864,17:48:05,29-12-2018,57,120,155,0.15,52,33.65,79.75,13.38
23.545898,87.28891,17:48:06,29-12-2018,56,118,153,0.15,60,33.65,79.69,13.41
23.545898,87.28891,17:48:07,29-12-2018,56,115,143,0.15,60,33.28,79.63,13.41
23.545855,87.288963,17:48:08,29-12-2018,52,112,138,0.15,59,33.47,79.56,13.44
23.545855,87.288963,17:48:09,29-12-2018,56,111,134,0.15,54,33.47,79.56,13.44
23.545811,87.289017,17:48:10,29-12-2018,62,111,138,0.15,54,33.47,79.44,13.41
23.545811,87.289017,17:48:11,29-12-2018,63,111,137,0.15,59,33.65,79.31,13.44
23.545771,87.28907,17:48:12,29-12-2018,73,114,149,0.16,59,33.28,79.31,13.47
23.545771,87.28907,17:48:13,29-12-2018,75,140,176,0.16,60,32.38,79.25,13.5
23.545732,87.289131,17:48:14,29-12-2018,73,140,173,0.16,54,32.56,79.19,13.47
23.545732,87.289131,17:48:15,29-12-2018,73,140,178,0.16,59,32.56,79.13,13.47
23.545706,87.289169,17:48:16,29-12-2018,71,140,186,0.16,51,32.56,79,13.47
23.545706,87.289169,17:48:17,29-12-2018,71,140,186,0.16,57,32.2,79,13.47
23.545687,87.289215,17:48:18,29-12-2018,71,140,184,0.16,51,32.74,78.94,13.44
23.545687,87.289215,17:48:19,29-12-2018,66,140,182,0.16,46,32.38,78.81,13.44
23.545662,87.289284,17:48:20,29-12-2018,61,139,174,0.16,51,32.56,78.81,13.41
23.545662,87.289284,17:48:21,29-12-2018,65,138,170,0.16,55,32.56,78.81,13.41
23.545624,87.28933,17:48:22,29-12-2018,70,138,175,0.16,55,32.74,78.75,13.41
23.545624,87.28933,17:48:23,29-12-2018,73,140,173,0.16,51,32.56,78.75,13.38
23.545588,87.289398,17:48:24,29-12-2018,77,142,174,0.17,51,32.38,78.69,13.38
23.545588,87.289398,17:48:25,29-12-2018,77,144,176,0.17,46,32.2,78.69,13.38
23.545565,87.289459,17:48:26,29-12-2018,76,145,178,0.16,57,32.56,78.63,13.38
23.545565,87.289459,17:48:27,29-12-2018,76,147,179,0.17,51,32.56,78.69,13.34
23.545588,87.289543,17:48:28,29-12-2018,79,149,188,0.17,44,32.38,78.63,13.34
23.545588,87.289543,17:48:29,29-12-2018,77,150,193,0.17,51,32.56,78.75,13.31
23.545595,87.289619,17:48:30,29-12-2018,73,150,195,0.17,55,32.56,78.69,13.31
23.545595,87.289619,17:48:31,29-12-2018,70,149,193,0.17,55,32.38,78.69,13.31
23.545618,87.28968,17:48:32,29-12-2018,66,147,196,0.17,60,32.56,78.69,13.31
23.545618,87.28968,17:48:33,29-12-2018,65,144,190,0.17,54,33.28,78.81,13.28
23.545633,87.289742,17:48:34,29-12-2018,60,117,160,0.17,61,33.47,78.81,13.22
23.545633,87.289742,17:48:35,29-12-2018,57,115,164,0.17,62,33.47,78.94,13.28
23.54565,87.289803,17:48:36,29-12-2018,64,115,159,0.17,63,33.47,78.88,13.22
23.54565,87.289803,17:48:37,29-12-2018,71,118,161,0.17,62,33.47,78.88,13.22
23.54565,87.289803,17:48:38,29-12-2018,69,119,165,0.17,63,33.47,78.94,13.22
23.545662,87.289871,17:48:39,29-12-2018,69,119,171,0.17,58,33.1,78.94,13.19
23.545662,87.289871,17:48:40,29-12-2018,72,120,168,0.17,72,33.28,79.06,13.22
23.545662,87.289871,17:48:40,29-12-2018,73,121,163,0.17,63,33.28,79.06,13.19
23.545662,87.289871,17:48:41,29-12-2018,73,121,165,0.17,72,33.28,78.75,13.19
23.545662,87.289871,17:48:42,29-12-2018,77,122,159,0.17,68,33.1,78.75,13.19
23.545717,87.290016,17:48:43,29-12-2018,68,122,172,0.17,72,33.28,78.81,13.13
23.545717,87.290016,17:48:44,29-12-2018,62,120,166,0.17,67,33.47,78.88,13.13
23.545727,87.290047,17:48:45,29-12-2018,65,120,160,0.17,68,33.28,78.81,13.13
23.545746,87.290108,17:48:46,29-12-2018,65,120,160,0.17,71,33.1,78.69,13.16
23.545746,87.290108,17:48:47,29-12-2018,62,119,156,0.17,70,32.74,78.75,13.13
23.545753,87.290161,17:48:48,29-12-2018,57,117,156,0.17,71,33.28,78.5,13.09
23.545753,87.290161,17:48:49,29-12-2018,58,117,158,0.17,76,33.47,78.56,13.13
23.545759,87.290215,17:48:50,29-12-2018,62,119,159,0.17,70,33.28,78.44,13.09
23.545759,87.290215,17:48:51,29-12-2018,59,120,164,0.17,75,32.38,78.63,13.09
23.545771,87.29026,17:48:52,29-12-2018,57,120,150,0.17,70,32.56,78.75,13.09
23.545771,87.29026,17:48:53,29-12-2018,59,120,154,0.17,73,32.38,78.75,13.09
23.545795,87.290314,17:48:54,29-12-2018,58,120,157,0.17,72,32.56,78.69,13.09
23.545795,87.290314,17:48:55,29-12-2018,65,122,154,0.17,72,32.38,78.63,13.06
23.545809,87.290382,17:48:56,29-12-2018,68,123,154,0.18,62,32.38,78.88,13.03
23.545809,87.290382,17:48:57,29-12-2018,65,124,179,0.17,52,32.38,78.63,13.06
23.545794,87.290436,17:48:58,29-12-2018,63,123,178,0.18,59,32.2,78.81,13.03
23.545794,87.290436,17:48:59,29-12-2018,66,123,177,0.18,60,32.2,78.75,13.03
23.545776,87.290489,17:49:00,29-12-2018,71,126,183,0.18,59,32.2,78.75,13.06
23.545776,87.290489,17:49:01,29-12-2018,70,129,181,0.19,54,31.84,78.81,13.09
23.54578,87.290565,17:49:02,29-12-2018,72,132,185,0.18,63,32.2,78.81,13.03
23.54578,87.290565,17:49:03,29-12-2018,68,133,189,0.18,54,32.38,78.75,13.03
23.545748,87.290619,17:49:04,29-12-2018,72,136,192,0.18,59,32.38,78.81,13.03
23.545748,87.290619,17:49:05,29-12-2018,70,136,169,0.18,63,32.2,78.75,13.03
23.545719,87.290672,17:49:06,29-12-2018,74,138,173,0.18,63,32.38,78.75,13.06
23.545719,87.290672,17:49:07,29-12-2018,77,159,196,0.18,68,32.02,78.69,13.06
23.545696,87.290718,17:49:08,29-12-2018,77,159,196,0.18,73,32.2,78.81,13.03
23.545696,87.290718,17:49:09,29-12-2018,73,156,191,0.18,67,32.2,78.75,13.06
23.545668,87.290756,17:49:10,29-12-2018,73,154,196,0.18,68,32.38,78.81,13.09
23.545668,87.290756,17:49:11,29-12-2018,73,152,195,0.18,72,33.1,78.75,13.09
23.545622,87.290802,17:49:12,29-12-2018,79,151,190,0.18,66,33.28,78.69,13.06
23.545622,87.290802,17:49:13,29-12-2018,72,148,189,0.18,72,33.1,78.81,13.13
23.545612,87.290848,17:49:14,29-12-2018,78,147,186,0.18,67,33.28,78.75,13.09
23.545612,87.290848,17:49:15,29-12-2018,76,146,185,0.18,66,33.1,78.75,13.13
23.54561,87.290894,17:49:16,29-12-2018,69,125,165,0.18,72,33.1,78.75,13.13
23.54561,87.290894,17:49:17,29-12-2018,70,125,164,0.18,68,33.1,78.75,13.13
23.545601,87.290939,17:49:18,29-12-2018,66,124,159,0.18,64,33.1,78.75,13.13
23.545601,87.290939,17:49:19,29-12-2018,67,123,154,0.18,68,33.28,78.81,13.13
23.545547,87.290977,17:49:20,29-12-2018,59,121,154,0.18,66,33.28,78.88,13.16
23.545547,87.290977,17:49:21,29-12-2018,62,119,151,0.18,63,33.1,79.06,13.16
23.545496,87.291031,17:49:22,29-12-2018,61,118,149,0.18,62,33.47,79,13.13
23.545496,87.291031,17:49:23,29-12-2018,62,117,149,0.18,68,33.28,79.06,13.16
23.545477,87.291084,17:49:24,29-12-2018,66,117,143,0.18,63,33.28,79.13,13.16
23.545477,87.291084,17:49:25,29-12-2018,67,117,143,0.18,63,33.1,79.38,13.09
23.54545,87.291153,17:49:26,29-12-2018,67,118,144,0.18,54,33.28,79.44,13.19
23.54545,87.291153,17:49:27,29-12-2018,65,118,142,0.18,64,33.1,79.5,13.19
23.545443,87.291222,17:49:28,29-12-2018,70,121,147,0.18,65,33.47,79.44,13.16
23.545443,87.291222,17:49:29,29-12-2018,69,124,152,0.18,64,33.1,79.5,13.16
23.545431,87.291275,17:49:30,29-12-2018,68,126,157,0.19,55,32.38,79.56,13.16
23.545431,87.291275,17:49:31,29-12-2018,68,127,158,0.19,61,32.2,79.63,13.13
23.545456,87.291328,17:49:32,29-12-2018,66,128,161,0.19,59,32.02,79.56,13.19
23.545456,87.291328,17:49:33,29-12-2018,66,128,162,0.19,64,32.38,79.63,13.19
23.545477,87.291382,17:49:34,29-12-2018,66,128,163,0.19,60,32.38,79.69,13.19
23.545477,87.291382,17:49:35,29-12-2018,67,128,159,0.19,72,32.38,79.69,13.16
23.545483,87.291405,17:49:36,29-12-2018,68,128,160,0.19,73,32.56,79.63,13.19
23.545509,87.291412,17:49:37,29-12-2018,61,106,135,0.19,64,32.38,79.81,13.19
23.545525,87.291412,17:49:38,29-12-2018,64,106,133,0.18,67,32.56,79.5,13.22
23.545534,87.291443,17:49:39,29-12-2018,60,106,135,0.19,73,32.38,79.69,13.22
23.545534,87.291443,17:49:39,29-12-2018,58,105,140,0.19,66,31.84,79.56,13.19
23.545534,87.291443,17:49:40,29-12-2018,52,103,133,0.19,67,32.02,79.56,13.22
23.545549,87.291512,17:49:41,29-12-2018,51,100,128,0.19,67,32.56,79.81,13.22
23.545549,87.291512,17:49:42,29-12-2018,54,100,130,0.19,66,32.38,79.75,13.19
23.545565,87.291527,17:49:43,29-12-2018,54,100,131,0.19,72,32.38,79.69,13.16
23.545582,87.29155,17:49:44,29-12-2018,56,100,141,0.18,67,32.56,79.63,13.19
23.545582,87.29155,17:49:45,29-12-2018,50,99,137,0.19,72,32.56,79.75,13.16
23.545614,87.291565,17:49:46,29-12-2018,52,99,137,0.19,62,32.38,79.88,13.19
23.545614,87.291565,17:49:47,29-12-2018,51,99,124,0.19,62,32.38,79.81,13.13
23.545652,87.291595,17:49:48,29-12-2018,51,99,125,0.19,60,33.47,79.88,13.16
23.545652,87.291595,17:49:49,29-12-2018,48,99,128,0.19,63,33.47,80.13,13.16
23.545692,87.291626,17:49:50,29-12-2018,45,96,130,0.19,62,33.47,79.88,13.16
23.545692,87.291626,17:49:51,29-12-2018,42,93,125,0.18,63,33.28,79.88,13.13
23.545717,87.291649,17:49:52,29-12-2018,42,90,122,0.19,72,33.47,79.94,13.13
23.545717,87.291649,17:49:53,29-12-2018,42,88,109,0.19,72,33.28,80.19,13.13
23.545757,87.291672,17:49:54,29-12-2018,42,86,117,0.19,64,33.28,80.06,13.13
23.545757,87.291672,17:49:55,29-12-2018,44,84,110,0.19,61,33.28,80.25,13.09
23.545811,87.291695,17:49:56,29-12-2018,48,84,115,0.19,63,33.28,80.19,13.03
23.545811,87.291695,17:49:57,29-12-2018,49,84,116,0.19,61,33.47,80.19,13.03
23.545864,87.291725,17:49:58,29-12-2018,51,85,118,0.19,55,33.47,80.31,13.03
23.545864,87.291725,17:49:59,29-12-2018,48,85,114,0.19,52,33.47,80.44,13.03
23.545912,87.291756,17:50:00,29-12-2018,46,85,116,0.19,54,33.28,80.44,13.03
23.545912,87.291756,17:50:01,29-12-2018,48,86,116,0.19,52,33.47,80.44,13.03
23.545948,87.291779,17:50:02,29-12-2018,50,87,107,0.19,63,33.1,80.5,13
23.545948,87.291779,17:50:03,29-12-2018,49,88,110,0.19,62,33.47,80.56,13
23.545994,87.291801,17:50:04,29-12-2018,43,88,109,0.19,62,33.28,80.63,13
23.545994,87.291801,17:50:05,29-12-2018,41,87,110,0.19,55,33.28,80.69,13
23.546015,87.291832,17:50:06,29-12-2018,42,86,104,0.19,63,33.28,80.81,13.03
23.546015,87.291832,17:50:07,29-12-2018,47,86,100,0.19,63,32.56,80.81,13.03
23.546043,87.291862,17:50:08,29-12-2018,46,86,99,0.19,54,32.56,81,13
23.546043,87.291862,17:50:09,29-12-2018,44,86,100,0.19,55,32.56,81.13,13.03
23.546089,87.291893,17:50:10,29-12-2018,46,86,101,0.19,56,32.38,81.13,12.97
23.546089,87.291893,17:50:11,29-12-2018,50,87,105,0.19,55,32.38,81.13,12.97
23.546131,87.291924,17:50:12,29-12-2018,54,89,106,0.19,61,32.56,81.25,12.97
23.546131,87.291924,17:50:13,29-12-2018,61,92,109,0.19,61,32.38,81.25,12.94
23.546171,87.291946,17:50:14,29-12-2018,61,95,112,0.19,61,32.56,81.31,12.91
23.546171,87.291946,17:50:15,29-12-2018,69,127,158,0.19,61,32.74,81.5,12.88
23.546209,87.291962,17:50:16,29-12-2018,82,149,189,0.19,57,32.74,81.44,12.91
23.546209,87.291962,17:50:17,29-12-2018,98,181,233,0.2,59,32.74,81.5,12.88
23.546255,87.291985,17:50:18,29-12-2018,105,202,262,0.19,47,32.92,81.56,12.84
23.546255,87.291985,17:50:19,29-12-2018,112,205,279,0.19,54,32.74,81.5,12.81
23.546297,87.292015,17:50:20,29-12-2018,114,208,287,0.19,59,32.74,81.5,12.81
23.546297,87.292015,17:50:21,29-12-2018,125,238,324,0.19,61,32.74,81.56,12.84
23.546343,87.292038,17:50:22,29-12-2018,126,238,325,0.19,54,32.74,81.69,12.88
23.546343,87.292038,17:50:23,29-12-2018,126,238,323,0.19,55,32.56,81.63,12.84
23.546389,87.292068,17:50:24,29-12-2018,118,236,322,0.19,46,32.56,81.63,12.84
23.546389,87.292068,17:50:25,29-12-2018,104,198,275,0.19,52,33.65,81.63,12.88
23.546432,87.292091,17:50:26,29-12-2018,94,174,243,0.19,59,33.47,81.69,12.81
23.546432,87.292091,17:50:27,29-12-2018,84,149,209,0.19,60,33.28,81.63,12.91
23.546469,87.292122,17:50:28,29-12-2018,82,148,202,0.19,55,33.28,81.81,12.88
23.546469,87.292122,17:50:29,29-12-2018,70,144,193,0.19,60,33.28,81.88,12.84
23.54652,87.29216,17:50:30,29-12-2018,68,141,188,0.19,54,33.47,81.88,12.84
23.54652,87.29216,17:50:31,29-12-2018,58,111,150,0.19,60,33.28,81.75,12.88
23.546551,87.292183,17:50:32,29-12-2018,48,108,137,0.19,54,33.47,81.88,12.81
23.546551,87.292183,17:50:33,29-12-2018,53,107,142,0.19,47,33.47,81.94,12.81
23.546581,87.292206,17:50:34,29-12-2018,61,107,139,0.19,59,33.47,82,12.84
23.546581,87.292206,17:50:35,29-12-2018,68,110,139,0.19,60,33.47,82.06,12.84
23.546591,87.292236,17:50:36,29-12-2018,68,131,160,0.19,57,33.65,82.06,12.84
23.546591,87.292236,17:50:37,29-12-2018,68,131,160,0.19,54,33.65,82.25,12.81
23.546618,87.292236,17:50:38,29-12-2018,68,132,165,0.19,52,33.47,82.13,12.81
23.546629,87.292229,17:50:39,29-12-2018,71,133,179,0.19,52,33.28,82.13,12.81
23.546629,87.292229,17:50:40,29-12-2018,77,136,181,0.19,54,33.28,82.19,12.81
23.546638,87.292206,17:50:41,29-12-2018,82,162,219,0.19,52,33.28,82.25,12.78
23.546638,87.292206,17:50:41,29-12-2018,82,162,215,0.19,61,33.47,82.31,12.81
23.546638,87.292206,17:50:42,29-12-2018,79,162,220,0.19,54,33.28,82.31,12.78
23.546675,87.292137,17:50:43,29-12-2018,78,162,223,0.19,54,32.56,82.25,12.78
23.546675,87.292137,17:50:44,29-12-2018,79,162,220,0.19,57,32.56,82.5,12.75
23.546675,87.292137,17:50:45,29-12-2018,83,162,213,0.19,55,32.56,82.44,12.75
23.546696,87.292107,17:50:46,29-12-2018,85,162,202,0.19,54,32.56,82.5,12.78
23.546724,87.292084,17:50:47,29-12-2018,84,162,203,0.19,51,32.56,82.56,12.78
23.546724,87.292084,17:50:48,29-12-2018,80,160,194,0.19,51,32.74,82.63,12.78
23.546753,87.292046,17:50:49,29-12-2018,78,157,190,0.19,57,32.74,82.63,12.75
23.546753,87.292046,17:50:50,29-12-2018,77,154,181,0.19,57,32.56,82.75,12.75
23.546778,87.292007,17:50:51,29-12-2018,75,151,177,0.19,46,32.56,82.63,12.75
23.546778,87.292007,17:50:52,29-12-2018,74,149,175,0.19,44,32.56,82.81,12.75
23.546791,87.291962,17:50:53,29-12-2018,71,146,172,0.19,44,32.56,82.69,12.78
23.546791,87.291962,17:50:54,29-12-2018,68,143,170,0.19,56,32.56,82.88,12.78
23.546814,87.291924,17:50:55,29-12-2018,64,122,145,0.19,44,32.56,82.75,12.78
23.546814,87.291924,17:50:56,29-12-2018,64,122,141,0.19,46,32.56,82.63,12.75
23.54685,87.291885,17:50:57,29-12-2018,64,122,141,0.19,56,32.56,82.75,12.78
23.54685,87.291885,17:50:58,29-12-2018,64,122,141,0.19,47,32.56,82.94,12.78
23.546877,87.29184,17:50:59,29-12-2018,66,123,143,0.19,49,32.38,83.06,12.75
23.546877,87.29184,17:51:00,29-12-2018,61,123,144,0.19,46,32.56,82.81,12.78
23.546904,87.291786,17:51:01,29-12-2018,56,120,139,0.19,52,32.56,82.88,12.78
23.546904,87.291786,17:51:02,29-12-2018,53,117,140,0.19,46,33.28,82.88,12.75
23.546928,87.29174,17:51:03,29-12-2018,52,95,115,0.19,51,33.1,82.81,12.78
23.546928,87.29174,17:51:04,29-12-2018,58,96,119,0.19,46,33.1,83,12.75
23.546947,87.291695,17:51:05,29-12-2018,60,98,123,0.19,46,33.1,83.06,12.72
23.546947,87.291695,17:51:06,29-12-2018,64,101,126,0.19,56,33.1,82.94,12.75
23.546965,87.291649,17:51:07,29-12-2018,65,103,129,0.19,44,32.92,82.94,12.75
23.546965,87.291649,17:51:08,29-12-2018,71,107,131,0.19,46,33.1,83,12.75
23.546991,87.291603,17:51:09,29-12-2018,73,134,160,0.19,46,33.28,83.06,12.75
23.546991,87.291603,17:51:10,29-12-2018,76,134,160,0.19,52,33.1,83,12.78
23.547014,87.29155,17:51:11,29-12-2018,73,134,162,0.19,49,33.28,83.06,12.75
23.547014,87.29155,17:51:12,29-12-2018,72,134,163,0.19,49,33.1,83.13,12.75
23.547045,87.291496,17:51:13,29-12-2018,67,132,161,0.19,45,33.1,83.13,12.72
23.547045,87.291496,17:51:14,29-12-2018,66,130,161,0.19,45,33.1,83,12.75
23.547079,87.291443,17:51:15,29-12-2018,65,129,158,0.2,39,32.92,83.06,12.75
23.547079,87.291443,17:51:16,29-12-2018,60,127,154,0.19,48,33.1,83.19,12.75
23.547106,87.291382,17:51:17,29-12-2018,56,123,147,0.2,43,33.1,83.06,12.78
23.547106,87.291382,17:51:18,29-12-2018,57,121,142,0.2,48,33.28,83.19,12.75
23.547134,87.291313,17:51:19,29-12-2018,59,120,141,0.2,48,33.1,83.06,12.75
23.547134,87.291313,17:51:20,29-12-2018,59,119,140,0.2,44,32.38,83.25,12.81
23.547182,87.291245,17:51:21,29-12-2018,58,119,138,0.2,45,32.2,83.19,12.75
23.547182,87.291245,17:51:22,29-12-2018,62,120,138,0.2,48,32.38,83.25,12.75
23.547216,87.291183,17:51:23,29-12-2018,65,122,142,0.2,39,32.02,83.25,12.75
23.547216,87.291183,17:51:24,29-12-2018,66,123,144,0.2,42,32.2,83.38,12.75
23.547239,87.291138,17:51:25,29-12-2018,64,123,143,0.2,45,32.38,83.25,12.75
23.547239,87.291138,17:51:26,29-12-2018,68,123,144,0.2,39,32.2,83.31,12.69
23.547274,87.291084,17:51:27,29-12-2018,67,123,146,0.2,49,32.2,83.38,12.72
23.547274,87.291084,17:51:28,29-12-2018,71,123,145,0.2,49,32.2,83.38,12.69
23.547298,87.291039,17:51:29,29-12-2018,72,125,152,0.2,56,32.38,83.38,12.72
23.547298,87.291039,17:51:30,29-12-2018,74,126,155,0.2,51,32.38,83.31,12.72
23.547319,87.290993,17:51:31,29-12-2018,68,126,151,0.2,44,32.38,83.38,12.72
23.547319,87.290993,17:51:32,29-12-2018,68,126,153,0.2,46,32.38,83.5,12.66
23.547348,87.290939,17:51:33,29-12-2018,73,127,154,0.2,49,32.2,83.44,12.72
23.547348,87.290939,17:51:34,29-12-2018,80,130,166,0.2,47,32.38,83.56,12.72
23.547379,87.290894,17:51:35,29-12-2018,85,156,191,0.2,51,32.38,83.5,12.72
23.547379,87.290894,17:51:36,29-12-2018,84,156,198,0.2,46,32.56,83.56,12.69
23.54739,87.290848,17:51:37,29-12-2018,86,156,195,0.2,56,32.38,83.56,12.72
23.54739,87.290848,17:51:38,29-12-2018,85,156,200,0.2,43,32.56,83.56,12.72
23.547359,87.290802,17:51:39,29-12-2018,87,157,202,0.2,38,33.28,83.5,12.72
23.547359,87.290802,17:51:40,29-12-2018,84,157,202,0.2,38,33.28,83.5,12.72
23.547359,87.290802,17:51:41,29-12-2018,81,156,203,0.2,49,32.92,83.56,12.66
23.547359,87.290802,17:51:42,29-12-2018,81,155,202,0.21,44,32.56,83.5,12.66
23.547289,87.290733,17:51:43,29-12-2018,76,153,194,0.2,36,32.56,83.44,12.69
23.547289,87.290733,17:51:44,29-12-2018,74,151,189,0.2,49,32.74,83.44,12.69
23.547264,87.290718,17:51:45,29-12-2018,73,149,186,0.2,49,32.74,83.5,12.72
23.547264,87.290718,17:51:46,29-12-2018,74,148,189,0.2,40,33.1,83.44,12.69
23.547264,87.290718,17:51:47,29-12-2018,80,148,189,0.2,36,33.28,83.44,12.69
23.547264,87.290718,17:51:47,29-12-2018,78,148,192,0.2,44,33.28,83.38,12.69
23.547264,87.290718,17:51:48,29-12-2018,86,150,195,0.21,47,33.1,83.44,12.69
23.547264,87.290718,17:51:49,29-12-2018,93,171,219,0.2,56,33.28,83.38,12.72
23.547121,87.290558,17:51:50,29-12-2018,89,170,218,0.21,49,33.28,83.38,12.72
23.547121,87.290558,17:51:51,29-12-2018,88,168,215,0.21,51,33.1,83.31,12.69
23.5471,87.290497,17:51:52,29-12-2018,87,167,213,0.2,52,33.28,83.25,12.69
23.5471,87.290497,17:51:53,29-12-2018,87,166,207,0.2,51,33.28,83.25,12.66
23.547085,87.290436,17:51:54,29-12-2018,84,165,200,0.2,46,33.28,83.25,12.69
23.547085,87.290436,17:51:55,29-12-2018,84,165,201,0.2,56,33.47,83.25,12.66
23.547077,87.290375,17:51:56,29-12-2018,79,164,196,0.21,46,32.38,83.31,12.66
23.547077,87.290375,17:51:57,29-12-2018,81,163,197,0.21,51,32.38,83.19,12.66
23.547068,87.290321,17:51:58,29-12-2018,90,165,202,0.2,51,32.38,83.13,12.69
23.547068,87.290321,17:51:59,29-12-2018,94,186,227,0.2,47,32.38,83,12.69
23.547068,87.290291,17:52:00,29-12-2018,98,187,227,0.2,60,32.38,83.06,12.72
23.547068,87.290291,17:52:01,29-12-2018,94,187,230,0.2,55,32.38,83,12.69
23.547075,87.29026,17:52:02,29-12-2018,95,187,232,0.2,47,32.2,83,12.72
23.547075,87.29026,17:52:03,29-12-2018,95,187,232,0.2,55,32.38,83,12.72
23.547079,87.290215,17:52:04,29-12-2018,95,187,232,0.2,57,32.2,82.94,12.72
23.547079,87.290215,17:52:05,29-12-2018,99,188,242,0.2,57,32.38,83,12.72
23.547092,87.290161,17:52:06,29-12-2018,100,190,243,0.2,46,32.38,82.94,12.72
23.547092,87.290161,17:52:07,29-12-2018,92,190,241,0.2,55,32.38,83,12.66
23.547102,87.290123,17:52:08,29-12-2018,93,190,242,0.2,55,32.2,82.94,12.69
23.547102,87.290123,17:52:09,29-12-2018,93,190,244,0.2,55,32.38,82.88,12.66
23.547102,87.290115,17:52:10,29-12-2018,96,190,244,0.2,57,32.2,82.88,12.66
23.547102,87.290115,17:52:11,29-12-2018,96,189,241,0.2,51,32.2,82.88,12.66
23.5471,87.290108,17:52:12,29-12-2018,103,190,241,0.2,57,32.38,83,12.66
23.5471,87.290108,17:52:13,29-12-2018,101,191,237,0.2,46,32.38,83.06,12.63
23.547098,87.290108,17:52:14,29-12-2018,98,191,237,0.2,46,33.28,83.19,12.63
23.547098,87.290108,17:52:15,29-12-2018,103,192,238,0.2,46,33.1,83.38,12.66
23.547092,87.290108,17:52:16,29-12-2018,98,192,242,0.2,51,33.1,83.44,12.63
23.547092,87.290108,17:52:17,29-12-2018,99,192,241,0.2,51,33.1,83.38,12.59
23.547087,87.290108,17:52:18,29-12-2018,100,193,239,0.2,46,33.1,83.56,12.66
23.547087,87.290108,17:52:19,29-12-2018,105,195,242,0.2,52,32.92,83.63,12.69
23.547087,87.290108,17:52:20,29-12-2018,100,196,242,0.2,52,33.1,83.69,12.66
23.546816,87.290863,17:45:10,29-12-2018,116,238,306,0.13,81,40.73,81.25,12.97
23.546816,87.290863,17:45:10,29-12-2018,116,238,313,0.13,88,39.69,81.25,12.97
23.546816,87.290863,17:45:12,29-12-2018,116,238,309,0.13,89,39.9,81.25,12.97
23.546816,87.290863,17:45:12,29-12-2018,94,184,253,0.12,84,39.28,81.31,12.94
23.546549,87.290695,17:45:14,29-12-2018,90,183,248,0.12,83,38.87,81.44,12.91
23.546549,87.290695,17:45:14,29-12-2018,88,182,244,0.12,83,38.47,81.38,12.94
23.547228,87.290695,17:45:16,29-12-2018,89,179,232,0.12,81,38.06,81.38,12.97
23.547228,87.290695,17:45:16,29-12-2018,91,178,227,0.12,71,37.67,81.44,12.91
23.547256,87.29071,17:45:18,29-12-2018,91,177,230,0.12,80,37.47,81.44,12.91
23.547256,87.29071,17:45:18,29-12-2018,92,176,224,0.12,71,37.07,81.63,12.91
23.547216,87.290749,17:45:20,29-12-2018,92,176,216,0.12,68,36.88,81.5,12.84
23.547216,87.290749,17:45:20,29-12-2018,100,178,219,0.12,67,36.68,81.63,12.88
23.547262,87.290779,17:45:22,29-12-2018,101,179,222,0.12,63,36.49,81.69,12.84
23.547262,87.290779,17:45:22,29-12-2018,101,181,221,0.11,68,36.29,81.69,12.88
23.547285,87.290802,17:45:24,29-12-2018,104,183,225,0.11,59,36.29,81.63,12.88
23.547285,87.290802,17:45:24,29-12-2018,100,185,225,0.11,54,36.29,81.75,12.88
23.547331,87.290817,17:45:26,29-12-2018,103,187,222,0.11,63,36.1,81.75,12.88
23.547331,87.290817,17:45:26,29-12-2018,106,208,240,0.11,60,35.72,81.75,12.84
23.547379,87.29084,17:45:28,29-12-2018,105,208,246,0.11,60,35.91,81.81,12.84
23.547379,87.29084,17:45:28,29-12-2018,102,208,248,0.11,54,35.52,81.88,12.91
23.547384,87.290863,17:45:30,29-12-2018,106,209,247,0.11,55,35.52,81.81,12.84
23.547384,87.290863,17:45:30,29-12-2018,106,210,248,0.11,60,34.77,82,12.88
23.54739,87.290894,17:45:32,29-12-2018,107,210,248,0.11,59,34.77,82.13,12.88
23.54739,87.290894,17:45:32,29-12-2018,102,209,242,0.11,59,34.77,82.06,12.88
23.547384,87.290901,17:45:33,29-12-2018,104,208,241,0.11,59,34.77,82.06,12.81
23.547365,87.290894,17:45:34,29-12-2018,101,206,242,0.11,46,34.58,82.06,12.84
23.547363,87.290901,17:45:35,29-12-2018,99,204,244,0.11,54,34.58,82.31,12.88
23.547363,87.290901,17:45:36,29-12-2018,102,204,240,0.11,47,34.02,82.38,12.84
23.547363,87.290901,17:45:37,29-12-2018,105,204,240,0.11,54,34.02,82.19,12.84
23.547344,87.290939,17:45:38,29-12-2018,103,204,241,0.11,45,34.39,82.44,12.81
23.547344,87.290939,17:45:39,29-12-2018,103,204,244,0.11,59,34.39,82.5,12.88
23.547344,87.290939,17:45:40,29-12-2018,103,205,247,0.11,57,34.39,82.38,12.84
23.547331,87.29097,17:45:41,29-12-2018,104,206,246,0.11,47,34.21,82.56,12.88
23.547331,87.29097,17:45:42,29-12-2018,107,208,250,0.11,51,34.21,82.44,12.81
23.547298,87.291,17:45:43,29-12-2018,111,211,257,0.11,51,34.21,82.63,12.84
23.547298,87.291,17:45:44,29-12-2018,109,213,260,0.11,56,34.21,82.5,12.84
23.547264,87.291031,17:45:45,29-12-2018,103,213,259,0.11,55,34.21,82.63,12.81
23.547264,87.291031,17:45:46,29-12-2018,101,213,259,0.11,51,34.02,82.63,12.81
23.547251,87.291069,17:45:47,29-12-2018,99,212,259,0.11,57,34.02,82.69,12.81
23.547251,87.291069,17:45:47,29-12-2018,98,211,256,0.11,56,34.02,82.56,12.81
23.547234,87.291084,17:45:49,29-12-2018,99,209,259,0.11,51,34.02,82.69,12.78
23.547234,87.291084,17:45:49,29-12-2018,97,207,251,0.11,51,33.84,82.88,12.78
23.54722,87.291107,17:45:51,29-12-2018,94,185,232,0.11,51,34.77,82.63,12.78
23.54722,87.291107,17:45:51,29-12-2018,94,185,232,0.11,51,34.77,82.88,12.78
23.547213,87.291138,17:45:53,29-12-2018,97,185,234,0.11,46,34.58,82.75,12.75
23.547213,87.291138,17:45:53,29-12-2018,97,185,231,0.11,57,34.77,82.69,12.75
23.547197,87.291153,17:45:55,29-12-2018,97,184,230,0.11,46,34.77,82.75,12.75
23.547197,87.291153,17:45:55,29-12-2018,95,183,226,0.11,51,34.58,82.94,12.75
23.547203,87.291176,17:45:57,29-12-2018,95,182,226,0.11,47,34.39,82.94,12.75
23.547203,87.291176,17:45:57,29-12-2018,95,181,225,0.11,57,34.58,82.88,12.72
23.547199,87.291183,17:45:59,29-12-2018,96,181,228,0.11,51,34.58,82.94,12.72
23.547199,87.291183,17:45:59,29-12-2018,98,182,225,0.11,50,34.58,82.94,12.72
23.547192,87.291206,17:46:01,29-12-2018,93,182,226,0.11,46,34.39,83,12.72
23.547192,87.291206,17:46:01,29-12-2018,97,183,227,0.11,56,34.58,83,12.72
23.547192,87.291222,17:46:03,29-12-2018,96,184,232,0.11,52,34.58,83.13,12.78
23.547192,87.291222,17:46:03,29-12-2018,100,187,234,0.11,46,34.39,83.13,12.78
23.547186,87.29126,17:46:05,29-12-2018,103,191,242,0.12,47,34.39,83.13,12.78
23.547186,87.29126,17:46:05,29-12-2018,106,194,243,0.11,51,34.39,83.19,12.78
23.547174,87.29129,17:46:07,29-12-2018,108,197,250,0.12,52,34.39,83.25,12.78
23.547174,87.29129,17:46:07,29-12-2018,107,200,248,0.12,52,34.39,83.25,12.81
23.547169,87.291328,17:46:09,29-12-2018,110,203,252,0.12,56,34.39,83.31,12.84
23.547169,87.291328,17:46:09,29-12-2018,107,205,255,0.12,56,34.21,83.25,12.84
23.547178,87.291351,17:46:11,29-12-2018,104,206,253,0.12,51,33.47,83.31,12.84
23.547178,87.291351,17:46:11,29-12-2018,101,206,255,0.12,51,33.28,83.38,12.81
23.547174,87.291382,17:46:13,29-12-2018,96,205,251,0.12,56,33.1,83.31,12.88
23.547174,87.291382,17:46:13,29-12-2018,90,203,247,0.12,52,33.28,83.38,12.88
23.547173,87.291405,17:46:15,29-12-2018,90,201,245,0.12,52,33.28,83.38,12.84
23.547173,87.291405,17:46:15,29-12-2018,89,199,236,0.12,46,33.1,83.38,12.88
23.547155,87.291428,17:46:17,29-12-2018,88,196,234,0.12,44,32.92,83.31,12.84
23.547155,87.291428,17:46:17,29-12-2018,84,193,231,0.12,49,32.92,83.31,12.88
23.547157,87.291451,17:46:19,29-12-2018,86,190,228,0.12,46,33.1,83.38,12.88
23.547157,87.291451,17:46:19,29-12-2018,94,190,227,0.12,52,33.1,83.44,12.88
23.547146,87.291466,17:46:21,29-12-2018,93,190,225,0.12,49,32.92,83.38,12.94
23.547146,87.291466,17:46:21,29-12-2018,98,190,226,0.12,44,32.92,83.31,12.88
23.547132,87.291489,17:46:23,29-12-2018,99,191,226,0.12,49,32.92,83.31,12.88
23.547132,87.291489,17:46:23,29-12-2018,97,192,230,0.12,52,32.74,83.5,12.94
23.547113,87.291512,17:46:25,29-12-2018,95,192,235,0.12,44,33.1,83.38,12.91
23.547113,87.291512,17:46:25,29-12-2018,96,192,231,0.12,51,33.1,83.44,12.94
23.547121,87.291534,17:46:27,29-12-2018,95,193,231,0.12,46,32.92,83.38,12.94
23.547121,87.291534,17:46:27,29-12-2018,94,193,233,0.12,52,32.92,83.31,12.94
23.547121,87.291534,17:46:28,29-12-2018,97,193,234,0.12,44,33.1,83.31,12.94
23.547106,87.291565,17:46:29,29-12-2018,92,193,236,0.12,42,32.2,83.56,12.94
23.5471,87.29158,17:46:30,29-12-2018,91,191,237,0.12,42,33.28,83.13,12.94
23.547102,87.291611,17:46:31,29-12-2018,90,190,233,0.12,44,33.1,83.25,12.94
23.547092,87.291626,17:46:32,29-12-2018,90,189,225,0.12,49,33.65,83.31,12.97
23.547092,87.291626,17:46:33,29-12-2018,89,188,226,0.12,49,33.84,83.25,13
23.547092,87.291626,17:46:34,29-12-2018,92,188,229,0.12,49,33.84,83.19,12.97
23.547075,87.291649,17:46:35,29-12-2018,88,187,229,0.12,49,33.84,83.06,13
23.547045,87.291687,17:46:36,29-12-2018,88,186,228,0.12,49,33.84,83.19,13
23.547045,87.291687,17:46:37,29-12-2018,87,186,225,0.12,49,33.65,83.06,13.03
23.547026,87.29171,17:46:38,29-12-2018,94,187,224,0.12,51,33.84,83.06,13
23.547026,87.29171,17:46:39,29-12-2018,95,190,227,0.12,47,33.65,83.06,13
23.547018,87.29174,17:46:40,29-12-2018,96,193,231,0.13,51,33.65,83.13,13.03
23.547018,87.29174,17:46:41,29-12-2018,100,196,237,0.13,47,33.84,83.19,13.09
23.547012,87.291756,17:46:42,29-12-2018,104,199,239,0.13,44,33.65,82.94,13.06
23.547012,87.291756,17:46:42,29-12-2018,105,202,242,0.13,49,33.84,83,13.03
23.54701,87.291763,17:46:44,29-12-2018,104,205,244,0.13,44,33.84,82.88,13.06
23.54701,87.291763,17:46:44,29-12-2018,107,207,252,0.13,48,33.65,82.81,13.09
23.547003,87.291801,17:46:46,29-12-2018,98,207,257,0.13,49,33.65,82.88,13.09
23.547003,87.291801,17:46:46,29-12-2018,99,206,253,0.13,42,33.65,82.81,13.13
23.546972,87.291809,17:46:48,29-12-2018,98,205,255,0.13,49,33.84,82.81,13.13
23.546972,87.291809,17:46:48,29-12-2018,96,203,256,0.13,38,33.84,82.75,13.13
23.546949,87.291824,17:46:50,29-12-2018,92,200,260,0.13,49,33.84,82.63,13.09
23.546949,87.291824,17:46:50,29-12-2018,89,176,234,0.13,49,32.92,82.63,13.09
23.546919,87.291847,17:46:52,29-12-2018,84,174,241,0.13,39,32.74,82.63,13.13
23.546919,87.291847,17:46:52,29-12-2018,80,171,237,0.13,49,32.92,82.56,13.06
23.546906,87.291878,17:46:54,29-12-2018,79,168,231,0.13,46,32.74,82.56,13.09
23.546906,87.291878,17:46:54,29-12-2018,77,165,228,0.13,46,32.74,82.56,13.06
23.546886,87.291901,17:46:56,29-12-2018,78,162,224,0.13,46,32.74,82.5,13.13
23.546886,87.291901,17:46:56,29-12-2018,77,159,219,0.13,56,32.74,82.38,13.06
23.546879,87.291924,17:46:58,29-12-2018,77,157,217,0.13,44,32.74,82.44,13.06
23.546879,87.291924,17:46:58,29-12-2018,78,155,211,0.13,44,32.74,82.38,13.06
23.546879,87.291946,17:47:00,29-12-2018,76,153,215,0.13,51,32.74,82.38,13.06
23.546879,87.291946,17:47:00,29-12-2018,79,153,200,0.13,46,32.74,82.38,13.09
23.546894,87.291977,17:47:02,29-12-2018,79,153,194,0.13,49,32.56,82.38,13.09
23.546894,87.291977,17:47:02,29-12-2018,81,153,190,0.13,49,32.74,82.25,13.09
23.546883,87.291992,17:47:04,29-12-2018,80,153,196,0.13,44,32.74,82.31,13.09
23.546883,87.291992,17:47:04,29-12-2018,72,151,188,0.13,46,32.74,82.31,13.06
23.546871,87.292023,17:47:06,29-12-2018,68,148,183,0.13,46,32.56,82.38,13.06
23.546871,87.292023,17:47:06,29-12-2018,67,145,176,0.13,46,32.56,82.31,13.06
23.546877,87.292061,17:47:08,29-12-2018,64,124,156,0.13,49,32.74,82.31,13.06
23.546877,87.292061,17:47:08,29-12-2018,63,124,161,0.13,51,32.38,82.38,13.06
23.546898,87.292091,17:47:10,29-12-2018,65,124,169,0.13,42,33.28,82.25,13.06
23.546898,87.292091,17:47:10,29-12-2018,68,125,174,0.13,38,33.47,82.38,13.06
23.546923,87.29213,17:47:12,29-12-2018,69,126,172,0.13,43,33.28,82.31,13.03
23.546923,87.29213,17:47:12,29-12-2018,76,129,175,0.14,44,33.28,82.25,13.03
23.546934,87.292145,17:47:14,29-12-2018,78,153,203,0.13,39,33.28,82.19,13.03
23.546934,87.292145,17:47:14,29-12-2018,78,154,207,0.14,38,33.28,82.25,13
23.546947,87.292152,17:47:16,29-12-2018,84,158,206,0.14,44,33.1,82.25,13
23.546947,87.292152,17:47:16,29-12-2018,88,179,225,0.14,36,33.1,82.25,13
23.546947,87.292175,17:47:18,29-12-2018,86,179,220,0.14,39,33.28,82.25,12.97
23.546947,87.292175,17:47:18,29-12-2018,80,177,213,0.14,39,33.1,82.13,12.97
23.546944,87.292206,17:47:20,29-12-2018,80,176,212,0.14,39,33.28,82.25,13.03
23.546944,87.292206,17:47:20,29-12-2018,85,176,209,0.14,36,33.1,82.19,12.97
23.546944,87.292206,17:47:21,29-12-2018,87,177,213,0.14,43,33.1,82.19,13.03
23.546944,87.292206,17:47:22,29-12-2018,94,178,210,0.14,44,32.92,82.25,13.03
23.546951,87.292229,17:47:23,29-12-2018,94,179,213,0.14,49,32.56,82.19,12.97
23.546951,87.292229,17:47:24,29-12-2018,94,180,212,0.14,46,32.92,82.19,13.03
23.546949,87.292236,17:47:25,29-12-2018,90,180,213,0.14,47,33.28,82.13,13.03
23.546949,87.292236,17:47:26,29-12-2018,92,180,211,0.15,49,32.56,82.25,13.03
23.546949,87.292236,17:47:27,29-12-2018,98,181,217,0.14,51,33.1,82.19,12.97
23.546913,87.292328,17:47:28,29-12-2018,94,181,216,0.14,46,33.28,82.25,13
23.546913,87.292328,17:47:29,29-12-2018,92,181,219,0.14,46,33.28,82.19,13.03
23.546921,87.292351,17:47:30,29-12-2018,89,180,216,0.14,49,33.28,82.19,13
23.546915,87.292374,17:47:31,29-12-2018,88,179,218,0.14,38,32.38,82.25,13.03
23.546915,87.292374,17:47:32,29-12-2018,82,177,218,0.14,39,32.38,82,13.03
23.546936,87.292412,17:47:33,29-12-2018,83,175,217,0.14,49,32.38,82.25,13.06
23.546936,87.292412,17:47:34,29-12-2018,85,174,220,0.14,49,32.38,82.06,13
23.546961,87.292427,17:47:35,29-12-2018,81,173,218,0.15,49,32.2,82.13,13
23.546961,87.292427,17:47:36,29-12-2018,80,172,219,0.14,38,32.38,82.06,13
23.546988,87.292442,17:47:37,29-12-2018,78,170,217,0.15,39,32.38,82,12.97
23.546988,87.292442,17:47:37,29-12-2018,77,169,218,0.15,39,32.2,82.13,13
23.547007,87.292458,17:47:39,29-12-2018,74,167,212,0.15,49,32.38,82.06,13
23.547007,87.292458,17:47:39,29-12-2018,77,165,212,0.15,38,32.38,82.13,13.03
23.547028,87.292473,17:47:41,29-12-2018,75,163,210,0.15,48,32.2,82.19,12.97
23.547028,87.292473,17:47:41,29-12-2018,75,162,209,0.15,44,32.2,82.44,13
23.547054,87.292473,17:47:43,29-12-2018,69,159,201,0.15,47,32.38,82.38,12.97
23.547054,87.292473,17:47:43,29-12-2018,71,157,196,0.15,49,32.2,82.44,12.97
23.547066,87.29248,17:47:45,29-12-2018,73,156,192,0.15,47,32.38,82.5,12.97
23.547066,87.29248,17:47:45,29-12-2018,79,157,190,0.15,49,32.38,82.56,12.97
23.547092,87.292496,17:47:47,29-12-2018,78,157,187,0.15,44,32.38,82.56,13
23.547092,87.292496,17:47:47,29-12-2018,81,159,187,0.15,43,32.38,82.56,13
23.547129,87.292511,17:47:49,29-12-2018,81,160,182,0.15,43,32.2,82.63,13.03
23.547129,87.292511,17:47:49,29-12-2018,85,162,182,0.15,39,32.38,82.69,13
23.547146,87.292511,17:47:51,29-12-2018,90,165,188,0.15,40,32.2,82.63,13
23.547146,87.292511,17:47:51,29-12-2018,91,167,193,0.15,49,33.28,82.63,13.03
23.547161,87.292526,17:47:53,29-12-2018,93,169,198,0.15,40,33.1,82.69,13.03
23.547161,87.292526,17:47:53,29-12-2018,87,169,196,0.15,45,33.1,82.69,13.03
23.547173,87.292549,17:47:55,29-12-2018,88,169,199,0.15,49,32.92,82.69,13.03
23.547173,87.292549,17:47:55,29-12-2018,88,169,203,0.15,38,32.92,82.81,13.06
23.547173,87.292564,17:47:57,29-12-2018,89,170,207,0.15,39,33.1,82.75,13.09
23.547173,87.292564,17:47:57,29-12-2018,86,170,206,0.15,38,32.92,82.88,13.09
23.547167,87.29258,17:47:59,29-12-2018,88,170,204,0.15,38,32.92,82.88,13.13
23.547167,87.29258,17:47:59,29-12-2018,83,170,206,0.15,49,32.92,82.88,13.13
23.547159,87.292587,17:48:01,29-12-2018,78,169,204,0.15,39,32.92,82.81,13.16
23.547159,87.292587,17:48:01,29-12-2018,78,168,207,0.15,38,33.1,82.94,13.13
23.547146,87.292595,17:48:03,29-12-2018,73,165,202,0.15,38,32.92,82.88,13.16
23.547146,87.292595,17:48:03,29-12-2018,73,163,200,0.15,38,33.1,82.81,13.22
23.547132,87.29261,17:48:05,29-12-2018,71,161,192,0.15,44,33.1,82.88,13.25
23.547132,87.29261,17:48:05,29-12-2018,69,158,193,0.15,46,32.92,82.88,13.28
23.547121,87.292625,17:48:07,29-12-2018,67,155,193,0.15,48,33.1,82.81,13.25
23.547121,87.292625,17:48:07,29-12-2018,64,152,192,0.15,49,32.92,82.88,13.25
23.54711,87.292633,17:48:09,29-12-2018,66,149,186,0.15,39,33.1,82.81,13.28
23.54711,87.292633,17:48:09,29-12-2018,65,145,184,0.15,36,33.1,82.88,13.31
23.5471,87.292648,17:48:11,29-12-2018,63,142,184,0.15,39,32.92,82.81,13.31
23.5471,87.292648,17:48:11,29-12-2018,60,139,183,0.15,49,32.92,82.81,13.38
23.547077,87.292648,17:48:13,29-12-2018,58,136,186,0.15,46,31.84,82.88,13.44
23.547077,87.292648,17:48:13,29-12-2018,57,132,175,0.15,38,31.84,82.81,13.44
23.547077,87.292648,17:48:14,29-12-2018,56,129,171,0.15,45,31.84,82.69,13.5
